job,years,education,salary,company,scale,job_url
http://jobs.zhaopin.com/CZ731531990J00005810708.htm,1年以下,大专,2001-4000,广西钦天境环境科技有限公司广州分公司,20-99人,http://jobs.zhaopin.com/CZ731531990J00005810708.htm
http://jobs.zhaopin.com/CZ731531990J00005265308.htm,1-3年,大专,4001-6000,广西钦天境环境科技有限公司广州分公司,20-99人,http://jobs.zhaopin.com/CZ731531990J00005265308.htm
http://jobs.zhaopin.com/257389837250071.htm,不限,不限,6001-8000,广东常绿环保科技有限公司,20-99人,http://jobs.zhaopin.com/257389837250071.htm
http://jobs.zhaopin.com/405653232250008.htm,不限,本科,4001-6000,中煤科工集团重庆设计研究院有限公司广东分公司,20-99人,http://jobs.zhaopin.com/405653232250008.htm
http://jobs.zhaopin.com/136820999250617.htm,3-5年,本科,6001-8000,广州市环境保护工程设计院有限公司,500-999人,http://jobs.zhaopin.com/136820999250617.htm
http://jobs.zhaopin.com/134158389250185.htm,不限,本科,4000-8000,广州市中绿环保有限公司,100-499人,http://jobs.zhaopin.com/134158389250185.htm
http://jobs.zhaopin.com/262298280250000.htm,1-3年,本科,3000-6000,广东腾绿环保科技发展有限公司,20-99人,http://jobs.zhaopin.com/262298280250000.htm
http://jobs.zhaopin.com/152926413250017.htm,3-5年,本科,8000-15000,广州环发环保工程有限公司,100-499人,http://jobs.zhaopin.com/152926413250017.htm
http://jobs.zhaopin.com/307402316250000.htm,5-10年,本科,4001-6000,广州市番禺环境工程有限公司,20-99人,http://jobs.zhaopin.com/307402316250000.htm
http://jobs.zhaopin.com/531560027250321.htm,不限,大专,4001-6000,广州富瑞医疗科技有限公司,20-99人,http://jobs.zhaopin.com/531560027250321.htm
http://jobs.zhaopin.com/CZ731531990J00007019108.htm,1-3年,本科,6001-8000,广西钦天境环境科技有限公司广州分公司,20-99人,http://jobs.zhaopin.com/CZ731531990J00007019108.htm
http://jobs.zhaopin.com/CZ659206980J00095977403.htm,不限,本科,5000-8000,广州材高环保科技有限公司,20-99人,http://jobs.zhaopin.com/CZ659206980J00095977403.htm
http://jobs.zhaopin.com/134158389250192.htm,3-5年,本科,4000-8000,广州市中绿环保有限公司,100-499人,http://jobs.zhaopin.com/134158389250192.htm
http://jobs.zhaopin.com/CZ398204520J00095810305.htm,1-3年,本科,5000-10000,广州市水凌源环保科技有限公司,20人以下,http://jobs.zhaopin.com/CZ398204520J00095810305.htm
http://jobs.zhaopin.com/CZ446911920J00132418701.htm,1年以下,大专,4001-6000,广州宇南环保技术有限公司,保密,http://jobs.zhaopin.com/CZ446911920J00132418701.htm
http://jobs.zhaopin.com/450107427250013.htm,不限,大专,4001-6000,广州尚洁环保工程有限公司,20人以下,http://jobs.zhaopin.com/450107427250013.htm
http://jobs.zhaopin.com/CZ620395320J00064492205.htm,1-3年,大专,3000-4000,广州华清环境监测有限公司,20-99人,http://jobs.zhaopin.com/CZ620395320J00064492205.htm
http://jobs.zhaopin.com/408759226250019.htm,不限,大专,4001-6000,广州普华尔电力工程技术咨询有限公司,20人以下,http://jobs.zhaopin.com/408759226250019.htm
http://jobs.zhaopin.com/134158389250382.htm,不限,大专,6001-8000,广州市中绿环保有限公司,100-499人,http://jobs.zhaopin.com/134158389250382.htm
http://jobs.zhaopin.com/CZ649380130J00040379406.htm,1-3年,本科,6000-12000,广州华境环保科技有限公司,20-99人,http://jobs.zhaopin.com/CZ649380130J00040379406.htm
http://jobs.zhaopin.com/134158389250309.htm,不限,本科,2001-4000,广州市中绿环保有限公司,100-499人,http://jobs.zhaopin.com/134158389250309.htm
http://jobs.zhaopin.com/CC510140133J00064907206.htm,不限,大专,2001-4000,佛山市清境环保科技有限公司,20人以下,http://jobs.zhaopin.com/CC510140133J00064907206.htm
http://jobs.zhaopin.com/134158389250277.htm,不限,不限,2001-4000,广州市中绿环保有限公司,100-499人,http://jobs.zhaopin.com/134158389250277.htm
http://jobs.zhaopin.com/498140685250003.htm,3-5年,大专,4001-6000,湖南大自然环保科技有限公司,20-99人,http://jobs.zhaopin.com/498140685250003.htm
http://jobs.zhaopin.com/CZ685880220J00013242407.htm,不限,本科,4001-6000,广州市沣逸泰环保科技有限公司,20人以下,http://jobs.zhaopin.com/CZ685880220J00013242407.htm
http://jobs.zhaopin.com/134158389250178.htm,无经验,本科,1000元以下,广州市中绿环保有限公司,100-499人,http://jobs.zhaopin.com/134158389250178.htm
http://jobs.zhaopin.com/CZ636363120J00144280701.htm,不限,本科,4001-6000,广州市永裕环保技术有限公司,20人以下,http://jobs.zhaopin.com/CZ636363120J00144280701.htm
http://jobs.zhaopin.com/CZ446911920J00145055101.htm,1-3年,大专,6001-8000,广州宇南环保技术有限公司,保密,http://jobs.zhaopin.com/CZ446911920J00145055101.htm
http://jobs.zhaopin.com/CZ659206980J00089603803.htm,不限,大专,2001-4000,广州材高环保科技有限公司,20-99人,http://jobs.zhaopin.com/CZ659206980J00089603803.htm
http://jobs.zhaopin.com/CZ722619190J00029026108.htm,不限,大专,4001-6000,广东瑞霖环保科技有限公司,20-99人,http://jobs.zhaopin.com/CZ722619190J00029026108.htm
http://jobs.zhaopin.com/CZ722772290J00043373506.htm,不限,大专,3500-6500,广东恒尔环保有限公司,20-99人,http://jobs.zhaopin.com/CZ722772290J00043373506.htm
http://jobs.zhaopin.com/CZ731531990J00005810708.htm,1年以下,大专,2001-4000,广西钦天境环境科技有限公司广州分公司,20-99人,http://jobs.zhaopin.com/CZ731531990J00005810708.htm
http://jobs.zhaopin.com/CZ731531990J00005265308.htm,1-3年,大专,4001-6000,广西钦天境环境科技有限公司广州分公司,20-99人,http://jobs.zhaopin.com/CZ731531990J00005265308.htm
http://jobs.zhaopin.com/257389837250071.htm,不限,不限,6001-8000,广东常绿环保科技有限公司,20-99人,http://jobs.zhaopin.com/257389837250071.htm
http://jobs.zhaopin.com/405653232250008.htm,不限,本科,4001-6000,中煤科工集团重庆设计研究院有限公司广东分公司,20-99人,http://jobs.zhaopin.com/405653232250008.htm
http://jobs.zhaopin.com/136820999250617.htm,3-5年,本科,6001-8000,广州市环境保护工程设计院有限公司,500-999人,http://jobs.zhaopin.com/136820999250617.htm
http://jobs.zhaopin.com/134158389250185.htm,不限,本科,4000-8000,广州市中绿环保有限公司,100-499人,http://jobs.zhaopin.com/134158389250185.htm
http://jobs.zhaopin.com/262298280250000.htm,1-3年,本科,3000-6000,广东腾绿环保科技发展有限公司,20-99人,http://jobs.zhaopin.com/262298280250000.htm
http://jobs.zhaopin.com/152926413250017.htm,3-5年,本科,8000-15000,广州环发环保工程有限公司,100-499人,http://jobs.zhaopin.com/152926413250017.htm
http://jobs.zhaopin.com/307402316250000.htm,5-10年,本科,4001-6000,广州市番禺环境工程有限公司,20-99人,http://jobs.zhaopin.com/307402316250000.htm
http://jobs.zhaopin.com/531560027250321.htm,不限,大专,4001-6000,广州富瑞医疗科技有限公司,20-99人,http://jobs.zhaopin.com/531560027250321.htm
http://jobs.zhaopin.com/CZ731531990J00007019108.htm,1-3年,本科,6001-8000,广西钦天境环境科技有限公司广州分公司,20-99人,http://jobs.zhaopin.com/CZ731531990J00007019108.htm
http://jobs.zhaopin.com/CZ659206980J00095977403.htm,不限,本科,5000-8000,广州材高环保科技有限公司,20-99人,http://jobs.zhaopin.com/CZ659206980J00095977403.htm
http://jobs.zhaopin.com/134158389250192.htm,3-5年,本科,4000-8000,广州市中绿环保有限公司,100-499人,http://jobs.zhaopin.com/134158389250192.htm
http://jobs.zhaopin.com/CZ398204520J00095810305.htm,1-3年,本科,5000-10000,广州市水凌源环保科技有限公司,20人以下,http://jobs.zhaopin.com/CZ398204520J00095810305.htm
http://jobs.zhaopin.com/CZ446911920J00132418701.htm,1年以下,大专,4001-6000,广州宇南环保技术有限公司,保密,http://jobs.zhaopin.com/CZ446911920J00132418701.htm
http://jobs.zhaopin.com/450107427250013.htm,不限,大专,4001-6000,广州尚洁环保工程有限公司,20人以下,http://jobs.zhaopin.com/450107427250013.htm
http://jobs.zhaopin.com/CZ620395320J00064492205.htm,1-3年,大专,3000-4000,广州华清环境监测有限公司,20-99人,http://jobs.zhaopin.com/CZ620395320J00064492205.htm
http://jobs.zhaopin.com/408759226250019.htm,不限,大专,4001-6000,广州普华尔电力工程技术咨询有限公司,20人以下,http://jobs.zhaopin.com/408759226250019.htm
http://jobs.zhaopin.com/134158389250382.htm,不限,大专,6001-8000,广州市中绿环保有限公司,100-499人,http://jobs.zhaopin.com/134158389250382.htm
http://jobs.zhaopin.com/CZ649380130J00040379406.htm,1-3年,本科,6000-12000,广州华境环保科技有限公司,20-99人,http://jobs.zhaopin.com/CZ649380130J00040379406.htm
http://jobs.zhaopin.com/134158389250309.htm,不限,本科,2001-4000,广州市中绿环保有限公司,100-499人,http://jobs.zhaopin.com/134158389250309.htm
http://jobs.zhaopin.com/CC510140133J00064907206.htm,不限,大专,2001-4000,佛山市清境环保科技有限公司,20人以下,http://jobs.zhaopin.com/CC510140133J00064907206.htm
http://jobs.zhaopin.com/134158389250277.htm,不限,不限,2001-4000,广州市中绿环保有限公司,100-499人,http://jobs.zhaopin.com/134158389250277.htm
http://jobs.zhaopin.com/498140685250003.htm,3-5年,大专,4001-6000,湖南大自然环保科技有限公司,20-99人,http://jobs.zhaopin.com/498140685250003.htm
http://jobs.zhaopin.com/CZ685880220J00013242407.htm,不限,本科,4001-6000,广州市沣逸泰环保科技有限公司,20人以下,http://jobs.zhaopin.com/CZ685880220J00013242407.htm
http://jobs.zhaopin.com/134158389250178.htm,无经验,本科,1000元以下,广州市中绿环保有限公司,100-499人,http://jobs.zhaopin.com/134158389250178.htm
http://jobs.zhaopin.com/CZ636363120J00144280701.htm,不限,本科,4001-6000,广州市永裕环保技术有限公司,20人以下,http://jobs.zhaopin.com/CZ636363120J00144280701.htm
http://jobs.zhaopin.com/CZ446911920J00145055101.htm,1-3年,大专,6001-8000,广州宇南环保技术有限公司,保密,http://jobs.zhaopin.com/CZ446911920J00145055101.htm
http://jobs.zhaopin.com/CZ659206980J00089603803.htm,不限,大专,2001-4000,广州材高环保科技有限公司,20-99人,http://jobs.zhaopin.com/CZ659206980J00089603803.htm
http://jobs.zhaopin.com/CZ722619190J00029026108.htm,不限,大专,4001-6000,广东瑞霖环保科技有限公司,20-99人,http://jobs.zhaopin.com/CZ722619190J00029026108.htm
http://jobs.zhaopin.com/CZ722772290J00043373506.htm,不限,大专,3500-6500,广东恒尔环保有限公司,20-99人,http://jobs.zhaopin.com/CZ722772290J00043373506.htm
